Workbook

Sheet Measurements
A1: pair | B1: file | C1: VOT (ms) | D1: file dur (ms) | E1: vowel onset (s) | F1: vowel dur (ms) | G1: f0 onset mean (Hz) | H1: f0 mean (Hz) | I1: f0 median (Hz) | J1: f0 min (Hz) | K1: f0 max (Hz) | L1: f0 SD (Hz) | M1: f0_1 | N1: f0_2 | O1: f0_3 | P1: f0_4 | Q1: f0_5 | R1: f0_6 | S1: f0_7 | T1: f0_8 | U1: f0_9 | V1: f0_10
A2: dill_till | B2: dill_-100 | C2: -100 | D2: 338.75 | E2: 0.03 | F2: 225 | G2: 101.8 | H2: 98.7 | I2: 97.66 | J2: 96.77 | K2: 104 | L2: 2.01 | M2: 103.69 | N2: 103.39 | O2: 103.06 | P2: 102.43 | Q2: 101.83 | R2: 101.4 | S2: 100.99 | T2: 100.73 | U2: 100.44 | V2: 100.04
A3: dill_till | B3: dill_-50 | C3: -50 | D3: 388.75 | E3: 0.055 | F3: 250 | G3: 103.75 | H3: 99.3 | I3: 97.67 | J3: 96.77 | K3: 105.73 | L3: 2.67 | M3: 105.29 | N3: 104.87 | O3: 104.6 | P3: 104.31 | Q3: 104 | R3: 103.69 | S3: 103.39 | T3: 103.06 | U3: 102.43 | V3: 101.83
A4: dill_till | B4: dill_-20 | C4: -20 | D4: 358.75 | E4: 0.035 | F4: 240 | G4: 102.97 | H4: 99.06 | I4: 97.66 | J4: 96.77 | K4: 104.87 | L4: 2.41 | M4: 104.59 | N4: 104.31 | O4: 104 | P4: 103.69 | Q4: 103.39 | R4: 103.06 | S4: 102.43 | T4: 101.83 | U4: 101.4 | V4: 100.99
A5: dill_till | B5: dill_-15 | C5: -15 | D5: 353.74 | E5: 0.03 | F5: 240 | G5: 103.02 | H5: 99.07 | I5: 97.76 | J5: 96.82 | K5: 104.94 | L5: 2.43 | M5: 104.62 | N5: 104.32 | O5: 104 | P5: 103.66 | Q5: 103.37 | R5: 103.12 | S5: 102.63 | T5: 101.99 | U5: 101.48 | V5: 101.04
A6: dill_till | B6: dill_-10 | C6: -10 | D6: 348.75 | E6: 0.035 | F6: 230 | G6: 102.2 | H6: 98.81 | I6: 97.66 | J6: 96.77 | K6: 104.31 | L6: 2.15 | M6: 104 | N6: 103.69 | O6: 103.39 | P6: 103.06 | Q6: 102.43 | R6: 101.83 | S6: 101.4 | T6: 100.99 | U6: 100.73 | V6: 100.44
A7: dill_till | B7: dill_-5 | C7: -5 | D7: 343.76 | E7: 0.035 | F7: 225 | G7: 101.85 | H7: 98.71 | I7: 97.68 | J7: 96.82 | K7: 104 | L7: 2.03 | M7: 103.66 | N7: 103.38 | O7: 103.12 | P7: 102.63 | Q7: 101.99 | R7: 101.48 | S7: 101.04 | T7: 100.69 | U7: 100.39 | V7: 100.06
A8: dill_till | B8: dill_0 | C8: 0 | D8: 338.75 | E8: 0.03 | F8: 225 | G8: 101.8 | H8: 98.7 | I8: 97.66 | J8: 96.77 | K8: 104 | L8: 2.01 | M8: 103.69 | N8: 103.39 | O8: 103.06 | P8: 102.43 | Q8: 101.83 | R8: 101.4 | S8: 100.99 | T8: 100.73 | U8: 100.44 | V8: 100.04
A9: dill_till | B9: dill_5 | C9: 5 | D9: 338.73 | E9: 0.03 | F9: 225 | G9: 101.93 | H9: 98.72 | I9: 97.7 | J9: 96.86 | K9: 104.19 | L9: 2.08 | M9: 103.92 | N9: 103.7 | O9: 103.41 | P9: 102.59 | Q9: 101.82 | R9: 101.44 | S9: 101.07 | T9: 100.79 | U9: 100.49 | V9: 100.07
A10: dill_till | B10: dill_10 | C10: 10 | D10: 343.11 | E10: 0.035 | F10: 220 | G10: 101.87 | H10: 98.73 | I10: 97.71 | J10: 96.9 | K10: 104.36 | L10: 2.08 | M10: 104.08 | N10: 103.58 | O10: 102.97 | P10: 102.43 | Q10: 101.91 | R10: 101.54 | S10: 101.24 | T10: 100.79 | U10: 100.26 | V10: 99.88
A11: dill_till | B11: dill_15 | C11: 15 | D11: 346.44 | E11: 0.03 | F11: 230 | G11: 102.98 | H11: 99.04 | I11: 97.78 | J11: 96.89 | K11: 105.31 | L11: 2.48 | M11: 104.98 | N11: 104.6 | O11: 104.24 | P11: 103.89 | Q11: 103.42 | R11: 102.72 | S11: 102.13 | T11: 101.72 | U11: 101.28 | V11: 100.79
A12: dill_till | B12: dill_20 | C12: 20 | D12: 349.82 | E12: 0.035 | F12: 230 | G12: 103 | H12: 99.02 | I12: 97.7 | J12: 96.86 | K12: 105.45 | L12: 2.51 | M12: 105.08 | N12: 104.71 | O12: 104.43 | P12: 104.15 | Q12: 103.38 | R12: 102.61 | S12: 102.08 | T12: 101.54 | U12: 101.19 | V12: 100.83
A13: dill_till | B13: dill_25 | C13: 25 | D13: 353.15 | E13: 0.03 | F13: 235 | G13: 103.77 | H13: 99.28 | I13: 97.73 | J13: 96.9 | K13: 106.28 | L13: 2.79 | M13: 105.93 | N13: 105.43 | O13: 105.08 | P13: 104.8 | Q13: 104.24 | R13: 103.54 | S13: 102.94 | T13: 102.39 | U13: 101.91 | V13: 101.48
... A15: dill_till | B15: dill_35 | C15: 35 | D15: 359.84 | E15: 0.035 | F15: 235 | G15: 104.55 | H15: 99.49 | I15: 97.72 | J15: 96.77 | K15: 107.1 | L15: 3.11 | M15: 106.66 | N15: 106.22 | O15: 105.82 | P15: 105.42 | Q15: 105.11 | R15: 104.8 | S15: 103.94 | T15: 103.08 | U15: 102.52 | V15: 101.95
A16: dill_till | B16: dill_40 | C16: 40 | D16: 363.2 | E16: 0.03 | F16: 245 | G16: 105.31 | H16: 99.57 | I16: 97.73 | J16: 96.9 | K16: 107.06 | L16: 3.22 | N16: 107.06 | O16: 106.83 | P16: 106.5 | Q16: 106.09 | R16: 105.65 | S16: 104.99 | T16: 104.24 | U16: 103.55 | V16: 102.89
A17: dill_till | B17: dill_45 | C17: 45 | D17: 366.55 | E17: 0.04 | F17: 240 | G17: 105.1 | H17: 99.46 | I17: 97.77 | J17: 96.78 | K17: 106.93 | L17: 3.13 | N17: 106.93 | O17: 106.79 | P17: 106.36 | Q17: 105.84 | R17: 105.14 | S17: 104.49 | T17: 103.93 | U17: 103.42 | V17: 103.02
A18: dill_till | B18: dill_50 | C18: 50 | D18: 369.91 | E18: 0.04 | F18: 240 | G18: 105.73 | H18: 99.62 | I18: 97.72 | J18: 96.9 | K18: 107.21 | L18: 3.31 | N18: 107.21 | O18: 107.2 | P18: 106.83 | Q18: 106.46 | R18: 106.01 | S18: 105.56 | T18: 104.79 | U18: 104.02 | V18: 103.44
A19: dill_till | B19: dill_55 | C19: 55 | D19: 373.24 | E19: 0.045 | F19: 240 | G19: 105.43 | H19: 99.49 | I19: 97.71 | J19: 96.86 | K19: 107.31 | L19: 3.23 | O19: 107.31 | P19: 107.03 | Q19: 106.61 | R19: 105.95 | S19: 105.17 | T19: 104.44 | U19: 103.72 | V19: 103.19
A20: dill_till | B20: dill_60 | C20: 60 | D20: 376.6 | E20: 0.05 | F20: 240 | G20: 105.8 | H20: 99.61 | I20: 97.68 | J20: 96.79 | K20: 107.71 | L20: 3.41 | N20: 107.71 | O20: 107.59 | P20: 107.24 | Q20: 106.74 | R20: 105.94 | S20: 105.18 | T20: 104.52 | U20: 103.89 | V20: 103.34
A21: dill_till | B21: dill_65 | C21: 65 | D21: 379.95 | E21: 0.06 | F21: 230 | G21: 105.63 | H21: 99.79 | I21: 97.75 | J21: 96.88 | K21: 108.13 | L21: 3.61 | M21: 108.13 | N21: 107.71 | O21: 107.3 | P21: 106.76 | Q21: 106.22 | R21: 105.45 | S21: 104.68 | T21: 103.99 | U21: 103.3 | V21: 102.71
A22: dill_till | B22: dill_70 | C22: 70 | D22: 383.31 | E22: 0.065 | F22: 230 | G22: 105.56 | H22: 99.69 | I22: 97.7 | J22: 96.86 | K22: 107.97 | L22: 3.56 | M22: 107.97 | N22: 107.86 | O22: 107.69 | P22: 107.03 | Q22: 106.13 | R22: 105.19 | S22: 104.22 | T22: 103.63 | U22: 103.22 | V22: 102.67
A23: dill_till | B23: dill_75 | C23: 75 | D23: 386.64 | E23: 0.065 | F23: 235 | G23: 105.88 | H23: 99.54 | I23: 97.71 | J23: 96.77 | K23: 107.91 | L23: 3.38 | O23: 107.91 | P23: 107.7 | Q23: 107.06 | R23: 106.35 | S23: 105.46 | T23: 104.71 | U23: 104.21 | V23: 103.65
A24: dill_till | B24: dill_80 | C24: 80 | D24: 390 | E24: 0.07 | F24: 230 | G24: 106.26 | H24: 99.89 | I24: 97.73 | J24: 96.76 | K24: 108.19 | L24: 3.78 | N24: 108.19 | O24: 108.13 | P24: 108.08 | Q24: 107.3 | R24: 106.51 | S24: 105.54 | T24: 104.57 | U24: 104.21 | V24: 103.84
A25: dill_till | B25: dill_85 | C25: 85 | D25: 393.36 | E25: 0.075 | F25: 230 | G25: 106.57 | H25: 100 | I25: 97.71 | J25: 96.83 | K25: 108.73 | L25: 3.96 | M25: 108.73 | N25: 108.72 | O25: 108.7 | P25: 108.11 | Q25: 107.22 | R25: 106.28 | S25: 105.3 | T25: 104.7 | U25: 104.3 | V25: 103.62
A26: dill_till | B26: dill_90 | C26: 90 | D26: 396.71 | E26: 0.08 | F26: 230 | G26: 106.46 | H26: 99.74 | I26: 97.72 | J26: 96.84 | K26: 109.06 | L26: 3.75 | N26: 109.06 | O26: 108.8 | P26: 108.04 | Q26: 107.22 | R26: 106.32 | S26: 105.55 | T26: 105.07 | U26: 104.48 | V26: 103.63
A27: dill_till | B27: dill_95 | C27: 95 | D27: 400.05 | E27: 0.09 | F27: 230 | G27: 105.77 | H27: 99.58 | I27: 97.7 | J27: 96.87 | K27: 108.71 | L27: 3.63 | N27: 108.71 | O27: 108.1 | P27: 107.48 | Q27: 106.48 | R27: 105.48 | S27: 104.98 | T27: 104.47 | U27: 103.55 | V27: 102.62
A28: dill_till | B28: dill_100 | C28: 100 | D28: 403.4 | E28: 0.09 | F28: 235 | G28: 106.4 | H28: 99.69 | I28: 97.7 | J28: 96.8 | K28: 108.86 | L28: 3.78 | N28: 108.86 | O28: 108.61 | P28: 108.24 | Q28: 107.37 | R28: 106.23 | S28: 105.55 | T28: 105.11 | U28: 104.3 | V28: 103.32
A29: dill_till | B29: dill_105 | C29: 105 | D29: 406.76 | E29: 0.095 | F29: 230 | G29: 106.49 | H29: 99.65 | I29: 97.67 | J29: 96.85 | K29: 108.72 | L29: 3.65 | O29: 108.72 | P29: 108.41 | Q29: 107.47 | R29: 106.67 | S29: 106.18 | T29: 105.6 | U29: 104.84 | V29: 104.05
A30: dill_till | B30: dill_110 | C30: 110 | D30: 410.11 | E30: 0.1 | F30: 230 | G30: 106.98 | H30: 100.03 | I30: 97.75 | J30: 96.88 | K30: 109.47 | L30: 4.1 | N30: 109.47 | O30: 109.04 | P30: 108.61 | Q30: 107.86 | R30: 107.11 | S30: 106.28 | T30: 105.45 | U30: 104.82 | V30: 104.19
A31: dill_till | B31: dill_115 | C31: 115 | D31: 413.45 | E31: 0.11 | F31: 225 | G31: 106.6 | H31: 99.95 | I31: 97.73 | J31: 96.86 | K31: 110.15 | L31: 4.15 | M31: 109.83 | N31: 109.34 | O31: 108.6 | P31: 107.73 | Q31: 107.06 | R31: 106.49 | S31: 105.66 | T31: 104.71 | U31: 103.75 | V31: 102.79
A32: dill_till | B32: dill_120 | C32: 120 | D32: 416.8 | E32: 0.115 | F32: 220 | G32: 106.55 | H32: 99.81 | I32: 97.71 | J32: 96.85 | K32: 109.72 | L32: 4.01 | M32: 109.72 | N32: 109.51 | O32: 108.83 | P32: 108.01 | Q32: 106.88 | R32: 105.96 | S32: 105.47 | T32: 104.79 | U32: 103.68 | V32: 102.63
A33: dill_till | B33: dill_125 | C33: 125 | D33: 420.14 | E33: 0.12 | F33: 220 | G33: 106.32 | H33: 99.76 | I33: 97.65 | J33: 96.84 | K33: 109.63 | L33: 3.96 | N33: 109.63 | O33: 108.96 | P33: 108.28 | Q33: 107.2 | R33: 106.12 | S33: 105.48 | T33: 104.84 | U33: 103.72 | V33: 102.61
A34: dill_till | B34: dill_130 | C34: 130 | D34: 423.51 | E34: 0.125 | F34: 215 | G34: 106.72 | H34: 99.96 | I34: 97.73 | J34: 96.78 | K34: 110.13 | L34: 4.21 | M34: 110.13 | N34: 109.76 | O34: 109.18 | P34: 108.24 | Q34: 107.11 | R34: 106.28 | S34: 105.61 | T34: 104.68 | U34: 103.61 | V34: 102.58
A35: din_tin | B35: din_-100 | C35: -100 | D35: 424.92 | E35: 0.1 | F35: 160 | G35: 105.08 | H35: 101.71 | I35: 100.24 | J35: 99.15 | K35: 107.14 | L35: 2.75 | M35: 106.98 | N35: 106.67 | O35: 106.29 | P35: 105.85 | Q35: 105.42 | R35: 104.99 | S35: 104.47 | T35: 103.88 | U35: 103.35 | V35: 102.88
A36: din_tin | B36: din_-50 | C36: -50 | D36: 374.92 | E36: 0.05 | F36: 160 | G36: 105.07 | H36: 101.71 | I36: 100.24 | J36: 99.15 | K36: 107.05 | L36: 2.74 | M36: 106.91 | N36: 106.65 | O36: 106.29 | P36: 105.86 | Q36: 105.42 | R36: 104.99 | S36: 104.47 | T36: 103.88 | U36: 103.35 | V36: 102.87
A37: din_tin | B37: din_-20 | C37: -20 | D37: 344.92 | E37: 0.03 | F37: 150 | G37: 104.15 | H37: 101.36 | I37: 99.93 | J37: 99.15 | K37: 106.65 | L37: 2.44 | M37: 106.29 | N37: 105.85 | O37: 105.42 | P37: 104.99 | Q37: 104.47 | R37: 103.88 | S37: 103.35 | T37: 102.88 | U37: 102.4 | V37: 101.92
A38: din_tin | B38: din_-15 | C38: -15 | D38: 339.93 | E38: 0.03 | F38: 145 | G38: 103.65 | H38: 101.18 | I38: 99.87 | J38: 99.16 | K38: 106.29 | L38: 2.28 | M38: 105.87 | N38: 105.44 | O38: 105.01 | P38: 104.38 | Q38: 103.76 | R38: 103.4 | S38: 103.04 | T38: 102.44 | U38: 101.85 | V38: 101.35
A39: din_tin | B39: din_-10 | C39: -10 | D39: 334.92 | E39: 0.035 | F39: 135 | G39: 102.64 | H39: 100.84 | I39: 99.81 | J39: 99.15 | K39: 105.42 | L39: 1.93 | M39: 104.99 | N39: 104.47 | O39: 103.88 | P39: 103.35 | Q39: 102.87 | R39: 102.4 | S39: 101.92 | T39: 101.39 | U39: 100.83 | V39: 100.32
A40: din_tin | B40: din_-5 | C40: -5 | D40: 329.93 | E40: 0.03 | F40: 135 | G40: 102.64 | H40: 100.83 | I40: 99.85 | J40: 99.16 | K40: 105.44 | L40: 1.93 | M40: 105.01 | N40: 104.38 | O40: 103.76 | P40: 103.4 | Q40: 103.04 | R40: 102.44 | S40: 101.85 | T40: 101.35 | U40: 100.86 | V40: 100.3
A41: din_tin | B41: din_0 | C41: 0 | D41: 324.92 | E41: 0.035 | F41: 125 | G41: 101.64 | H41: 100.5 | I41: 99.76 | J41: 99.15 | K41: 104.47 | L41: 1.55 | M41: 103.88 | N41: 103.35 | O41: 102.87 | P41: 102.4 | Q41: 101.92 | R41: 101.39 | S41: 100.83 | T41: 100.32 | U41: 99.86 | V41: 99.57
A42: din_tin | B42: din_5 | C42: 5 | D42: 325.28 | E42: 0.035 | F42: 125 | G42: 101.71 | H42: 100.54 | I42: 99.76 | J42: 99.18 | K42: 104.71 | L42: 1.6 | M42: 104.07 | N42: 103.47 | O42: 102.89 | P42: 102.42 | Q42: 102.05 | R42: 101.55 | S42: 100.9 | T42: 100.34 | U42: 99.88 | V42: 99.59
A43: din_tin | B43: din_10 | C43: 10 | D43: 329.25 | E43: 0.03 | F43: 130 | G43: 102.77 | H43: 100.93 | I43: 99.88 | J43: 99.06 | K43: 105.82 | L43: 2.05 | M43: 105.37 | N43: 104.71 | O43: 104.05 | P43: 103.46 | Q43: 102.89 | R43: 102.5 | S43: 102.08 | T43: 101.47 | U43: 100.86 | V43: 100.35
A44: din_tin | B44: din_15 | C44: 15 | D44: 332.61 | E44: 0.035 | F44: 130 | G44: 102.39 | H44: 100.76 | I44: 99.9 | J44: 99.15 | K44: 105.75 | L44: 1.99 | M44: 105.07 | N44: 104.51 | O44: 103.97 | P44: 103.35 | Q44: 102.69 | R44: 102.12 | S44: 101.56 | T44: 100.86 | U44: 100.1 | V44: 99.68
A45: din_tin | B45: din_20 | C45: 20 | D45: 335.96 | E45: 0.035 | F45: 130 | G45: 103.03 | H45: 101.02 | I45: 99.73 | J45: 99.2 | K45: 106.41 | L45: 2.3 | M45: 105.92 | N45: 105.34 | O45: 104.65 | P45: 103.96 | Q45: 103.28 | R45: 102.7 | S45: 102.27 | T45: 101.62 | U45: 100.63 | V45: 99.93
... A47: din_tin | B47: din_30 | C47: 30 | D47: 342.65 | E47: 0.035 | F47: 140 | G47: 104.53 | H47: 101.54 | I47: 99.94 | J47: 99.17 | K47: 107.75 | L47: 2.86 | M47: 107.45 | N47: 106.88 | O47: 106.21 | P47: 105.57 | Q47: 104.94 | R47: 104.18 | S47: 103.37 | T47: 102.81 | U47: 102.34 | V47: 101.56
A48: din_tin | B48: din_35 | C48: 35 | D48: 346.01 | E48: 0.03 | F48: 145 | G48: 105.97 | H48: 102.06 | I48: 100.32 | J48: 99.15 | K48: 107.94 | L48: 3.1 | N48: 107.94 | O48: 107.75 | P48: 107.26 | Q48: 106.7 | R48: 106.02 | S48: 105.38 | T48: 104.82 | U48: 104.24 | V48: 103.63
A49: din_tin | B49: din_40 | C49: 40 | D49: 349.37 | E49: 0.035 | F49: 155 | G49: 106.24 | H49: 102.06 | I49: 100.3 | J49: 99.08 | K49: 108.17 | L49: 3.17 | M49: 108.17 | N49: 108.14 | O49: 107.77 | P49: 107.38 | Q49: 106.78 | R49: 106.17 | S49: 105.37 | T49: 104.59 | U49: 104.21 | V49: 103.79
A50: din_tin | B50: din_45 | C50: 45 | D50: 352.7 | E50: 0.035 | F50: 160 | G50: 106.33 | H50: 101.91 | I50: 100.14 | J50: 99.08 | K50: 108.5 | L50: 3.17 | O50: 108.5 | P50: 107.99 | Q50: 107.3 | R50: 106.65 | S50: 106.03 | T50: 105.38 | U50: 104.71 | V50: 104.04
A51: din_tin | B51: din_50 | C51: 50 | D51: 356.05 | E51: 0.04 | F51: 160 | G51: 106.71 | H51: 102.1 | I51: 100.31 | J51: 99.08 | K51: 108.91 | L51: 3.36 | N51: 108.91 | O51: 108.7 | P51: 108.18 | Q51: 107.55 | R51: 106.76 | S51: 106.04 | T51: 105.44 | U51: 104.77 | V51: 104
A52: din_tin | B52: din_55 | C52: 55 | D52: 359.41 | E52: 0.045 | F52: 160 | G52: 107.04 | H52: 102.27 | I52: 100.09 | J52: 99.18 | K52: 109.4 | L52: 3.53 | M52: 109.4 | N52: 109.36 | O52: 108.76 | P52: 108.16 | Q52: 107.59 | R52: 107.01 | S52: 106.12 | T52: 105.25 | U52: 104.67 | V52: 104.09
A53: din_tin | B53: din_60 | C53: 60 | D53: 362.77 | E53: 0.05 | F53: 160 | G53: 106.91 | H53: 102.24 | I53: 100.23 | J53: 99.19 | K53: 109.2 | L53: 3.5 | N53: 109.2 | O53: 108.76 | P53: 108.16 | Q53: 107.68 | R53: 107.25 | S53: 106.5 | T53: 105.64 | U53: 104.87 | V53: 104.15
A54: din_tin | B54: din_65 | C54: 65 | D54: 366.15 | E54: 0.055 | F54: 155 | G54: 107.14 | H54: 102.43 | I54: 100.78 | J54: 99.19 | K54: 108.65 | L54: 3.4 | O54: 108.65 | P54: 108.52 | Q54: 108.19 | R54: 107.71 | S54: 107 | T54: 106.32 | U54: 105.66 | V54: 105.04
A55: din_tin | B55: din_70 | C55: 70 | D55: 369.46 | E55: 0.06 | F55: 155 | G55: 107.51 | H55: 102.63 | I55: 100.29 | J55: 99.17 | K55: 109 | L55: 3.58 | N55: 109 | O55: 108.99 | P55: 108.81 | Q55: 108.6 | R55: 107.78 | S55: 106.96 | T55: 106.41 | U55: 105.84 | V55: 105.17
A56: din_tin | B56: din_75 | C56: 75 | D56: 372.79 | E56: 0.065 | F56: 150 | G56: 107.7 | H56: 102.93 | I56: 100.57 | J56: 99.19 | K56: 109.6 | L56: 3.94 | M56: 109.6 | N56: 109.57 | O56: 109.53 | P56: 109.01 | Q56: 108.3 | R56: 107.61 | S56: 106.91 | T56: 106.21 | U56: 105.51 | V56: 104.76
A57: din_tin | B57: din_80 | C57: 80 | D57: 376.15 | E57: 0.07 | F57: 150 | G57: 107.67 | H57: 102.67 | I57: 100.58 | J57: 99.19 | K57: 110.18 | L57: 3.83 | N57: 110.18 | O57: 109.87 | P57: 109.06 | Q57: 108.31 | R57: 107.65 | S57: 106.99 | T57: 106.34 | U57: 105.67 | V57: 104.94
A58: din_tin | B58: din_85 | C58: 85 | D58: 379.52 | E58: 0.075 | F58: 150 | G58: 107.25 | H58: 102.28 | I58: 100.09 | J58: 99.2 | K58: 108.83 | L58: 3.48 | O58: 108.83 | P58: 108.81 | Q58: 108.51 | R58: 108.17 | S58: 107.18 | T58: 106.21 | U58: 105.51 | V58: 104.8
A59: din_tin | B59: din_90 | C59: 90 | D59: 382.86 | E59: 0.08 | F59: 150 | G59: 107.68 | H59: 102.72 | I59: 100.61 | J59: 99.2 | K59: 110.08 | L59: 3.9 | N59: 110.08 | O59: 109.74 | P59: 109.26 | Q59: 108.58 | R59: 107.83 | S59: 107.16 | T59: 106.51 | U59: 105.54 | V59: 104.45
A60: din_tin | B60: din_95 | C60: 95 | D60: 386.24 | E60: 0.085 | F60: 145 | G60: 108.53 | H60: 103.5 | I60: 102.2 | J60: 99.15 | K60: 110.54 | L60: 4.21 | M60: 110.54 | N60: 110.4 | O60: 110.02 | P60: 109.57 | Q60: 109 | R60: 108.47 | S60: 108.01 | T60: 107.35 | U60: 106.38 | V60: 105.52
A61: din_tin | B61: din_100 | C61: 100 | D61: 389.55 | E61: 0.09 | F61: 150 | G61: 108.71 | H61: 103.23 | I61: 101.62 | J61: 99.06 | K61: 110.97 | L61: 4.14 | N61: 110.97 | O61: 110.94 | P61: 110.12 | Q61: 109.32 | R61: 108.84 | S61: 108.34 | T61: 107.45 | U61: 106.56 | V61: 105.86
A62: din_tin | B62: din_105 | C62: 105 | D62: 392.93 | E62: 0.095 | F62: 150 | G62: 108.92 | H62: 103.51 | I62: 101.34 | J62: 99.14 | K62: 111.34 | L62: 4.5 | M62: 111.34 | N62: 111.06 | O62: 110.68 | P62: 110.15 | Q62: 109.56 | R62: 108.98 | S62: 108.4 | T62: 107.41 | U62: 106.24 | V62: 105.4
A63: din_tin | B63: din_110 | C63: 110 | D63: 396.26 | E63: 0.105 | F63: 150 | G63: 108.29 | H63: 103.04 | I63: 100.28 | J63: 99.14 | K63: 110.6 | L63: 4.21 | M63: 110.6 | N63: 110.47 | O63: 110.11 | P63: 109.73 | Q63: 109.29 | R63: 108.59 | S63: 107.42 | T63: 106.39 | U63: 105.58 | V63: 104.75
A64: din_tin | B64: din_115 | C64: 115 | D64: 399.61 | E64: 0.11 | F64: 155 | G64: 108.18 | H64: 102.66 | I64: 100.62 | J64: 99.15 | K64: 110.53 | L64: 3.98 | N64: 110.53 | O64: 110.51 | P64: 110.11 | Q64: 109.68 | R64: 108.57 | S64: 107.47 | T64: 106.51 | U64: 105.56 | V64: 104.71
A65: din_tin | B65: din_120 | C65: 120 | D65: 402.97 | E65: 0.11 | F65: 185 | G65: 109.07 | H65: 103.27 | I65: 101.88 | J65: 99.15 | K65: 111.1 | L65: 4.12 | N65: 111.1 | O65: 110.94 | P65: 110.7 | Q65: 110.39 | R65: 110.05 | S65: 108.91 | T65: 107.43 | U65: 106.43 | V65: 105.64
A66: din_tin | B66: din_125 | C66: 125 | D66: 406.33 | E66: 0.115 | F66: 205 | G66: 109.75 | H66: 104.05 | I66: 103.67 | J66: 99.03 | K66: 111.92 | L66: 4.26 | M66: 111.92 | N66: 111.82 | O66: 111.55 | P66: 111.24 | Q66: 110.86 | R66: 110.14 | S66: 108.85 | T66: 107.77 | U66: 107.08 | V66: 106.28
A67: din_tin | B67: din_130 | C67: 130 | D67: 409.66 | E67: 0.12 | F67: 210 | G67: 109.53 | H67: 103.98 | I67: 103.61 | J67: 99.12 | K67: 111.75 | L67: 4.12 | N67: 111.75 | O67: 111.73 | P67: 111.33 | Q67: 110.91 | R67: 109.87 | S67: 108.84 | T67: 108 | U67: 107.15 | V67: 106.21
A68: dip_tip | B68: dip_-100 | C68: -100 | D68: 496.55 | E68: 0.1 | F68: 130 | G68: 102.65 | H68: 101.94 | I68: 101.99 | J68: 100.65 | K68: 103.96 | L68: 0.91 | N68: 103.2 | O68: 103.15 | P68: 103 | Q68: 102.83 | R68: 102.64 | S68: 102.48 | T68: 102.37 | U68: 102.21 | V68: 101.95
A69: dip_tip | B69: dip_-50 | C69: -50 | D69: 446.55 | E69: 0.05 | F69: 130 | G69: 102.63 | H69: 101.96 | I69: 102.19 | J69: 100.65 | K69: 103.96 | L69: 0.92 | M69: 102.68 | N69: 102.99 | O69: 103.14 | P69: 102.99 | Q69: 102.83 | R69: 102.64 | S69: 102.48 | T69: 102.37 | U69: 102.21 | V69: 101.95
A70: dip_tip | B70: dip_-20 | C70: -20 | D70: 416.55 | E70: 0.03 | F70: 120 | G70: 102.38 | H70: 101.92 | I70: 101.99 | J70: 100.65 | K70: 103.96 | L70: 0.9 | M70: 103.14 | N70: 102.99 | O70: 102.83 | P70: 102.64 | Q70: 102.48 | R70: 102.37 | S70: 102.21 | T70: 101.95 | U70: 101.71 | V70: 101.52
A71: dip_tip | B71: dip_-15 | C71: -15 | D71: 411.54 | E71: 0.03 | F71: 115 | G71: 102.2 | H71: 101.86 | I71: 101.92 | J71: 100.72 | K71: 103.79 | L71: 0.85 | M71: 102.99 | N71: 102.81 | O71: 102.65 | P71: 102.49 | Q71: 102.35 | R71: 102.2 | S71: 101.96 | T71: 101.7 | U71: 101.51 | V71: 101.34
A72: dip_tip | B72: dip_-10 | C72: -10 | D72: 406.55 | E72: 0.035 | F72: 105 | G72: 101.82 | H72: 101.76 | I72: 101.59 | J72: 100.65 | K72: 103.96 | L72: 0.84 | M72: 102.64 | N72: 102.48 | O72: 102.37 | P72: 102.21 | Q72: 101.95 | R72: 101.72 | S72: 101.52 | T72: 101.32 | U72: 101.11 | V72: 100.92
A73: dip_tip | B73: dip_-5 | C73: -5 | D73: 401.56 | E73: 0.03 | F73: 105 | G73: 101.82 | H73: 101.75 | I73: 101.66 | J73: 100.72 | K73: 103.79 | L73: 0.8 | M73: 102.65 | N73: 102.49 | O73: 102.35 | P73: 102.2 | Q73: 101.96 | R73: 101.7 | S73: 101.51 | T73: 101.34 | U73: 101.1 | V73: 100.85
A74: dip_tip | B74: dip_0 | C74: 0 | D74: 396.55 | E74: 0.035 | F74: 95 | G74: 101.46 | H74: 101.67 | I74: 101.39 | J74: 100.65 | K74: 103.96 | L74: 0.83 | M74: 102.37 | N74: 102.21 | O74: 101.95 | P74: 101.71 | Q74: 101.52 | R74: 101.32 | S74: 101.11 | T74: 100.92 | U74: 100.75 | V74: 100.72
A75: dip_tip | B75: dip_5 | C75: 5 | D75: 396.42 | E75: 0.035 | F75: 105 | G75: 101.52 | H75: 102.02 | I75: 101.72 | J75: 100.69 | K75: 106.12 | L75: 1.32 | M75: 102.37 | N75: 102.18 | O75: 102.04 | P75: 101.86 | Q75: 101.61 | R75: 101.38 | S75: 101.21 | T75: 101.03 | U75: 100.83 | V75: 100.73
A76: dip_tip | B76: dip_10 | C76: 10 | D76: 399.23 | E76: 0.035 | F76: 105 | G76: 101.71 | H76: 101.97 | I76: 101.71 | J76: 100.69 | K76: 105.42 | L76: 1.13 | M76: 102.67 | N76: 102.46 | O76: 102.32 | P76: 102.16 | Q76: 101.87 | R76: 101.59 | S76: 101.33 | T76: 101.08 | U76: 100.88 | V76: 100.71
A77: dip_tip | B77: dip_15 | C77: 15 | D77: 402.59 | E77: 0.03 | F77: 110 | G77: 102.26 | H77: 102.08 | I77: 102.15 | J77: 100.61 | K77: 104.94 | L77: 1.09 | M77: 103.23 | N77: 103.1 | O77: 102.89 | P77: 102.67 | Q77: 102.44 | R77: 102.21 | S77: 101.95 | T77: 101.68 | U77: 101.39 | V77: 101.1
A78: dip_tip | B78: dip_20 | C78: 20 | D78: 405.92 | E78: 0.035 | F78: 110 | G78: 102.2 | H78: 102.11 | I78: 102.11 | J78: 100.81 | K78: 104.84 | L78: 1.08 | M78: 103.42 | N78: 103.22 | O78: 102.94 | P78: 102.64 | Q78: 102.3 | R78: 102.02 | S78: 101.8 | T78: 101.53 | U78: 101.18 | V78: 100.94
A79: dip_tip | B79: dip_25 | C79: 25 | D79: 409.27 | E79: 0.03 | F79: 120 | G79: 102.8 | H79: 102.33 | I79: 102.1 | J79: 100.75 | K79: 105.36 | L79: 1.24 | M79: 103.9 | N79: 103.74 | O79: 103.58 | P79: 103.38 | Q79: 103.16 | R79: 102.68 | S79: 102.23 | T79: 102.02 | U79: 101.81 | V79: 101.52
A80: dip_tip | B80: dip_30 | C80: 30 | D80: 412.63 | E80: 0.035 | F80: 115 | G80: 102.89 | H80: 102.35 | I80: 102.33 | J80: 100.76 | K80: 104.9 | L80: 1.24 | M80: 104 | N80: 103.85 | O80: 103.75 | P80: 103.48 | Q80: 103.15 | R80: 102.81 | S80: 102.46 | T80: 102.13 | U80: 101.8 | V80: 101.46
A81: dip_tip | B81: dip_35 | C81: 35 | D81: 415.99 | E81: 0.035 | F81: 120 | G81: 103.29 | H81: 102.56 | I81: 102.4 | J81: 100.8 | K81: 105.35 | L81: 1.4 | M81: 104.65 | N81: 104.32 | O81: 104.15 | P81: 103.9 | Q81: 103.55 | R81: 103.19 | S81: 102.82 | T81: 102.46 | U81: 102.1 | V81: 101.76
A82: dip_tip | B82: dip_40 | C82: 40 | D82: 419.32 | E82: 0.03 | F82: 125 | G82: 104.22 | H82: 102.88 | I82: 102.67 | J82: 101.24 | K82: 104.95 | L82: 1.3 | N82: 104.95 | O82: 104.94 | P82: 104.75 | Q82: 104.56 | R82: 104.34 | S82: 104.11 | T82: 103.78 | U82: 103.45 | V82: 103.09
A83: dip_tip | B83: dip_45 | C83: 45 | D83: 422.68 | E83: 0.04 | F83: 120 | G83: 104.09 | H83: 102.94 | I83: 102.73 | J83: 101.1 | K83: 105.15 | L83: 1.37 | N83: 105.15 | O83: 104.92 | P83: 104.61 | Q83: 104.42 | R83: 104.28 | S83: 103.91 | T83: 103.45 | U83: 103.15 | V83: 102.92
A84: dip_tip | B84: dip_50 | C84: 50 | D84: 426.01 | E84: 0.04 | F84: 120 | G84: 104.32 | H84: 102.89 | I84: 102.56 | J84: 101.16 | K84: 105.27 | L84: 1.46 | N84: 105.27 | O84: 105.22 | P84: 105.09 | Q84: 104.84 | R84: 104.4 | S84: 104.01 | T84: 103.69 | U84: 103.35 | V84: 103
A85: dip_tip | B85: dip_55 | C85: 55 | D85: 429.39 | E85: 0.045 | F85: 120 | G85: 104.57 | H85: 103.09 | I85: 102.77 | J85: 101.2 | K85: 105.56 | L85: 1.55 | M85: 105.56 | N85: 105.55 | O85: 105.42 | P85: 105.27 | Q85: 104.95 | R85: 104.62 | S85: 104.17 | T85: 103.72 | U85: 103.37 | V85: 103.03
A86: dip_tip | B86: dip_60 | C86: 60 | D86: 432.72 | E86: 0.05 | F86: 115 | G86: 104.68 | H86: 103.14 | I86: 102.78 | J86: 101.18 | K86: 105.92 | L86: 1.67 | N86: 105.92 | O86: 105.85 | P86: 105.75 | Q86: 105.25 | R86: 104.6 | S86: 104.21 | T86: 103.92 | U86: 103.54 | V86: 103.12
A87: dip_tip | B87: dip_65 | C87: 65 | D87: 436.08 | E87: 0.06 | F87: 110 | G87: 104.64 | H87: 103.31 | I87: 102.47 | J87: 101.25 | K87: 106.43 | L87: 1.78 | M87: 106.34 | N87: 106.11 | O87: 105.77 | P87: 105.29 | Q87: 104.85 | R87: 104.46 | S87: 104.06 | T87: 103.64 | U87: 103.2 | V87: 102.74
A88: dip_tip | B88: dip_70 | C88: 70 | D88: 439.41 | E88: 0.06 | F88: 115 | G88: 105.12 | H88: 103.53 | I88: 103.43 | J88: 101.61 | K88: 106.21 | L88: 1.58 | N88: 106.21 | O88: 106.19 | P88: 105.88 | Q88: 105.56 | R88: 105.18 | S88: 104.8 | T88: 104.43 | U88: 104.06 | V88: 103.74
A89: dip_tip | B89: dip_75 | C89: 75 | D89: 442.79 | E89: 0.065 | F89: 110 | G89: 105.12 | H89: 103.53 | I89: 102.92 | J89: 101.61 | K89: 106.33 | L89: 1.65 | O89: 106.33 | P89: 106.05 | Q89: 105.67 | R89: 105.36 | S89: 105.07 | T89: 104.63 | U89: 104.12 | V89: 103.7
A90: dip_tip | B90: dip_80 | C90: 80 | D90: 446.12 | E90: 0.07 | F90: 110 | G90: 105.33 | H90: 103.67 | I90: 103.15 | J90: 101.56 | K90: 106.68 | L90: 1.75 | N90: 106.68 | O90: 106.52 | P90: 106.11 | Q90: 105.73 | R90: 105.37 | S90: 105 | T90: 104.6 | U90: 104.19 | V90: 103.75
A91: dip_tip | B91: dip_85 | C91: 85 | D91: 449.48 | E91: 0.075 | F91: 110 | G91: 105.71 | H91: 103.91 | I91: 103.88 | J91: 101.61 | K91: 107.4 | L91: 1.93 | M91: 107.4 | N91: 107.37 | O91: 106.79 | P91: 106.22 | Q91: 105.85 | R91: 105.48 | S91: 105.1 | T91: 104.72 | U91: 104.29 | V91: 103.85
A92: dip_tip | B92: dip_90 | C92: 90 | D92: 452.81 | E92: 0.08 | F92: 120 | G92: 105.57 | H92: 104.07 | I92: 103.62 | J92: 101.56 | K92: 107.27 | L92: 1.95 | N92: 107.27 | O92: 106.93 | P92: 106.45 | Q92: 106.02 | R92: 105.6 | S92: 105.16 | T92: 104.7 | U92: 104.23 | V92: 103.75
A93: dip_tip | B93: dip_95 | C93: 95 | D93: 456.19 | E93: 0.085 | F93: 120 | G93: 105.38 | H93: 103.97 | I93: 103.95 | J93: 101.61 | K93: 107.24 | L93: 1.83 | O93: 106.63 | P93: 106.48 | Q93: 106.08 | R93: 105.69 | S93: 105.29 | T93: 104.83 | U93: 104.29 | V93: 103.77
A94: dip_tip | B94: dip_100 | C94: 100 | D94: 459.52 | E94: 0.09 | F94: 120 | G94: 106.23 | H94: 104.83 | I94: 104.59 | J94: 102.64 | K94: 107.8 | L94: 1.72 | N94: 107.21 | O94: 107.2 | P94: 106.89 | Q94: 106.58 | R94: 106.27 | S94: 105.96 | T94: 105.64 | U94: 105.32 | V94: 104.95
A95: dip_tip | B95: dip_105 | C95: 105 | D95: 462.88 | E95: 0.095 | F95: 115 | G95: 106.55 | H95: 105.11 | I95: 105.09 | J95: 102.69 | K95: 107.6 | L95: 1.79 | M95: 107.6 | N95: 107.46 | O95: 107.26 | P95: 107.09 | Q95: 106.94 | R95: 106.62 | S95: 106.22 | T95: 105.82 | U95: 105.43 | V95: 105.02
A96: dip_tip | B96: dip_110 | C96: 110 | D96: 466.21 | E96: 0.1 | F96: 115 | G96: 106.41 | H96: 104.76 | I96: 104.35 | J96: 102.24 | K96: 107.63 | L96: 1.96 | N96: 107.63 | O96: 107.59 | P96: 107.48 | Q96: 107.17 | R96: 106.56 | S96: 106.01 | T96: 105.56 | U96: 105.11 | V96: 104.64
A97: dip_tip | B97: dip_115 | C97: 115 | D97: 469.61 | E97: 0.105 | F97: 110 | G97: 106.92 | H97: 105.01 | I97: 104.7 | J97: 102.49 | K97: 109.14 | L97: 2.18 | M97: 109.14 | N97: 109.1 | O97: 108.18 | P97: 107.28 | Q97: 107.02 | R97: 106.74 | S97: 106.2 | T97: 105.66 | U97: 105.17 | V97: 104.68
A98: dip_tip | B98: dip_120 | C98: 120 | D98: 472.93 | E98: 0.11 | F98: 110 | G98: 106.64 | H98: 105.08 | I98: 104.87 | J98: 102.57 | K98: 107.93 | L98: 1.96 | N98: 107.93 | O98: 107.78 | P98: 107.57 | Q98: 107.22 | R98: 106.81 | S98: 106.35 | T98: 105.87 | U98: 105.38 | V98: 104.89
A99: dip_tip | B99: dip_125 | C99: 125 | D99: 476.3 | E99: 0.115 | F99: 110 | G99: 106.91 | H99: 105.3 | I99: 105.13 | J99: 102.71 | K99: 108.13 | L99: 2.02 | M99: 108.13 | N99: 108.08 | O99: 107.92 | P99: 107.7 | Q99: 107.37 | R99: 106.98 | S99: 106.5 | T99: 105.99 | U99: 105.46 | V99: 104.94
A100: dip_tip | B100: dip_130 | C100: 130 | D100: 479.64 | E100: 0.12 | F100: 110 | G100: 107.2 | H100: 105.69 | I100: 105.74 | J100: 103.39 | K100: 108.29 | L100: 1.75 | N100: 108.29 | O100: 108.28 | P100: 107.99 | Q100: 107.7 | R100: 107.3 | S100: 106.89 | T100: 106.51 | U100: 106.12 | V100: 105.72

Sheet Summary
A1: Per-continuum summary (formulas reference the Measurements sheet)
A3: continuum | B3: n files | C3: VOT range (ms) | D3: mean file dur (ms) | E3: mean vowel dur (ms) | F3: mean f0 onset (Hz) | G3: min f0 onset | H3: max f0 onset | I3: mean f0 (Hz) | J3: min f0 mean | K3: max f0 mean
A4: dill_till | B4: =COUNTIF(Measurements!$A$2:$A$100,"dill_till") -> 33 | C4: -100 to 130 | D4: =AVERAGEIF(Measurements!$A$2:$A$100,"dill_till",Measurements!$D$2:$D$100) -> 375.53152 | E4: =AVERAGEIF(Measurements!$A$2:$A$100,"dill_till",Measurements!$F$2:$F$100) -> 231.51515 | F4: =AVERAGEIF(Measurements!$A$2:$A$100,"dill_till",Measurements!$G$2:$G$100) -> 104.69515 | G4: =_xlfn.MINIFS(Measurements!$G$2:$G$100,Measurements!$A$2:$A$100,"dill_till") -> 101.8 | H4: =_xlfn.MAXIFS(Measurements!$G$2:$G$100,Measurements!$A$2:$A$100,"dill_till") -> 106.98 | I4: =AVERAGEIF(Measurements!$A$2:$A$100,"dill_till",Measurements!$H$2:$H$100) -> 99.416667 | J4: =_xlfn.MINIFS(Measurements!$H$2:$H$100,Measurements!$A$2:$A$100,"dill_till") -> 98.7 | K4: =_xlfn.MAXIFS(Measurements!$H$2:$H$100,Measurements!$A$2:$A$100,"dill_till") -> 100.03
A5: din_tin | B5: =COUNTIF(Measurements!$A$2:$A$100,"din_tin") -> 33 | C5: -100 to 130 | D5: =AVERAGEIF(Measurements!$A$2:$A$100,"din_tin",Measurements!$D$2:$D$100) -> 364.73697 | E5: =AVERAGEIF(Measurements!$A$2:$A$100,"din_tin",Measurements!$F$2:$F$100) -> 151.66667 | F5: =AVERAGEIF(Measurements!$A$2:$A$100,"din_tin",Measurements!$G$2:$G$100) -> 106.02545 | G5: =_xlfn.MINIFS(Measurements!$G$2:$G$100,Measurements!$A$2:$A$100,"din_tin") -> 101.64 | H5: =_xlfn.MAXIFS(Measurements!$G$2:$G$100,Measurements!$A$2:$A$100,"din_tin") -> 109.75 | I5: =AVERAGEIF(Measurements!$A$2:$A$100,"din_tin",Measurements!$H$2:$H$100) -> 102.1197 | J5: =_xlfn.MINIFS(Measurements!$H$2:$H$100,Measurements!$A$2:$A$100,"din_tin") -> 100.5 | K5: =_xlfn.MAXIFS(Measurements!$H$2:$H$100,Measurements!$A$2:$A$100,"din_tin") -> 104.05
A6: dip_tip | B6: =COUNTIF(Measurements!$A$2:$A$100,"dip_tip") -> 33 | C6: -100 to 130 | D6: =AVERAGEIF(Measurements!$A$2:$A$100,"dip_tip",Measurements!$D$2:$D$100) -> 435.09061 | E6: =AVERAGEIF(Measurements!$A$2:$A$100,"dip_tip",Measurements!$F$2:$F$100) -> 114.24242 | F6: =AVERAGEIF(Measurements!$A$2:$A$100,"dip_tip",Measurements!$G$2:$G$100) -> 104.15879 | G6: =_xlfn.MINIFS(Measurements!$G$2:$G$100,Measurements!$A$2:$A$100,"dip_tip") -> 101.46 | H6: =_xlfn.MAXIFS(Measurements!$G$2:$G$100,Measurements!$A$2:$A$100,"dip_tip") -> 107.2 | I6: =AVERAGEIF(Measurements!$A$2:$A$100,"dip_tip",Measurements!$H$2:$H$100) -> 103.18152 | J6: =_xlfn.MINIFS(Measurements!$H$2:$H$100,Measurements!$A$2:$A$100,"dip_tip") -> 101.67 | K6: =_xlfn.MAXIFS(Measurements!$H$2:$H$100,Measurements!$A$2:$A$100,"dip_tip") -> 105.69

Sheet Notes & Method
A1: Cue analysis of d–t VOT-continuum stimuli
A3: Source stimuli: stimuli/d-t/{dill_till, din_tin, dip_tip}/!final VOT continuum_selected_70dBnormed/ (33 files each, 99 total).
A4: Analysis adapted from data/Chodroff2017/cueAnalysis_engCVC.praat.
A6: Why the original script could not be run directly:
A7: The Chodroff script reads stop-release and vowel boundaries from paired *_autovot.TextGrid files and measures VOT / sonorant duration / F0 from those intervals. These continuum folders contain only .wav files (no TextGrids), so the boundary-dependent steps have nothing to read. The measurement logic was therefore re-implemented on the waveforms using Praat's own engine (parselmouth).
A9: How each value was obtained:
A10: VOT (ms): taken from the number encoded in each filename — the designed continuum step. Negative = voicing lead / prevoicing, positive = long-lag (aspiration).
A11: file dur (ms): total duration of the .wav file. It is V-shaped in VOT (minimum near VOT = 0) because prevoicing or aspiration is prepended before the shared vowel, so more |VOT| = a longer file.
A12: vowel onset / vowel dur: the vocalic nucleus is located by an intensity threshold (within 10 dB of each file's intensity peak, sustained ≥ 25 ms). This one rule works for the /l/, /n/ and /p/ codas and for both prevoiced and aspirated tokens. Without hand-corrected TextGrids these boundaries are estimates, not gold-standard.
A13: F0: Praat 'To Pitch... 0.0 75 600' (floor 75 Hz, ceiling 600 Hz), exactly as in the original script. f0_1..f0_10 are F0 sampled every 5 ms across the first 50 ms of the vowel (Chodroff-style); f0 onset mean is their average; f0 mean/median/min/max/SD summarize the whole vowel nucleus.
A15: Data-quality flags:
A16: • dill_-100.wav is byte-for-byte identical to dill_0.wav (same MD5, same 338.75 ms duration). It is a duplicate / placeholder, NOT a true -100 ms prevoiced token. In din_tin and dip_tip the -100 files are correctly the longest in the set. Recommend re-rendering dill_-100. Its row is included but its acoustics equal dill_0.
... A18: • Vowel-onset F0 rises modestly with VOT (~101 → 107-109 Hz). Part of this is the expected voiceless-stop f0-raising micro-pattern; part is that longer aspiration masks the earliest (lower-F0) part of the vowel, so the first voiced sample falls later.
